{
  "T2_continuous": [
    140.58025369558194,
    88.16515063809132,
    60.24527511254207,
    86.59935072692693,
    70.95657143669666,
    59.27605641332535,
    138.6128135711845,
    28.25841454017103,
    60.368912500497245,
    27.690334922717874
  ],
  "alpha_continuous": [
    1.6906986464925389,
    1.5206282335727974,
    1.8264926797346333,
    1.6658344507822127,
    1.255705497336484,
    1.8258316384885653,
    1.5947281746923918,
    1.724534958017987,
    1.6219205500458043,
    1.9191295334652836
  ],
  "T2_bucket": [
    136.40531729190042,
    87.57058052120938,
    59.652026364205405,
    81.23170824764071,
    69.46831501180938,
    59.48277141648387,
    136.61379235171094,
    27.515929467892963,
    59.43334013676063,
    26.931993029614702
  ],
  "alpha_bucket": [
    1.6906487692247087,
    1.4820940549698842,
    1.8404224526999062,
    1.6813086068243113,
    1.234916142235122,
    1.8346697391130038,
    1.625093449260647,
    1.7157084711755926,
    1.6107151270243238,
    1.947153525079212
  ],
  "T2_dc": [
    148.99104653381863,
    91.81921727232044,
    59.124823594653385,
    95.6143247317213,
    68.39193920199666,
    64.27951089938375,
    141.38754634978602,
    27.143690050172307,
    61.20145089962005,
    30.92978365709595
  ],
  "alpha_dc": [
    1.4886381053047741,
    1.4474854540619968,
    1.6706059255036987,
    1.6850851960318691,
    1.6035444423936998,
    1.7993315605482494,
    1.5192497459222374,
    1.752823088964891,
    1.2789673863236963,
    1.6917536666765849
  ],
  "T2_target": [
    181.70556675951886,
    165.5940660801384,
    58.18555603846432,
    183.74828564671955,
    110.91750796591575,
    106.09664365291584,
    117.62415880381351,
    28.096675362499425,
    74.30326756004787,
    49.174490461642165
  ],
  "tau_c_mean": [
    839.6598054645262,
    1893.1505023443995,
    1802.3810397221046,
    1018.3668564952092,
    1387.429417444924,
    1157.3230065669384,
    1572.6821112419652,
    656.4085868315942,
    1976.807521113483,
    537.4212755145481
  ],
  "xc": [
    0.3716836009702277,
    0.6169296572080081,
    0.5582404145743152,
    0.4755219959823193,
    0.45845021042599365,
    0.7583290173535893,
    0.27028689313899196,
    0.34583605072025536,
    0.6790394835634248,
    0.5299590111709027
  ],
  "amplitude_mean": [
    0.007392359559961222,
    0.008959220459341926,
    0.009339240181161923,
    0.009496809750749527,
    0.014514586491636774,
    0.010877965141155004,
    0.010705691297762245,
    0.03200128330151944,
    0.011137569127674763,
    0.02728423866343682
  ],
  "xc_fitted_dc": [
    0.14711495477578496,
    0.08932118557452184,
    0.344558823826111,
    0.13805286570567818,
    0.11781974003471345,
    0.23050005211193197,
    0.10422901724130595,
    0.2529057430179197,
    0.10791420644909078,
    0.1814262321862319
  ],
  "T2_per_bucket": [
    [
      3.5857002278137315,
      3.661822170739409,
      4.0580407221293635,
      4.694046466381149,
      4.530966592609625,
      5.315937926962619,
      6.127655805387388,
      6.961034626456726,
      7.16258818183536,
      7.055192643798311
    ],
    [
      2.4456079841002145,
      2.3831376472315644,
      2.185475149409848,
      2.0181150091170683,
      2.29600961532602,
      2.5017171086958125,
      2.607351964103898,
      3.01432892521069,
      3.3530400458837217,
      4.040149264360975
    ],
    [
      2.3816992596473887,
      2.1482675364943478,
      2.3148146513044434,
      2.257791542373418,
      2.098716189258005,
      2.149614391592112,
      2.139907120402842,
      2.1061890173133766,
      2.0625936043083777,
      2.212399690036716
    ],
    [
      2.5107634321651835,
      2.8349974242853655,
      2.881551502250513,
      2.6810368728387157,
      2.2385969106759163,
      1.9896004297022591,
      1.9121086685229776,
      2.2922188749945898,
      2.9721858831528185,
      3.879993370738686
    ],
    [
      1.8058971410615676,
      1.7447798980813485,
      1.677446220261717,
      1.4315555300829914,
      1.5256120023478412,
      1.794959167348803,
      1.9378140119912155,
      1.9727853271864286,
      1.841229313975803,
      1.5968130431791858
    ],
    [
      2.2184057178386056,
      2.2468633699401726,
      2.2570521756905015,
      2.187228709707561,
      1.9985601193648246,
      1.7929841850454338,
      1.643640301440506,
      1.5155327122654851,
      1.4463317805983045,
      1.4916262581557367
    ],
    [
      3.482563533886513,
      3.3892853939598666,
      3.038609475423659,
      3.2603294431643337,
      3.3792751090087956,
      4.604897598729892,
      6.2050208971649266,
      4.847295534840438,
      3.49772632632898,
      4.602094773165894
    ],
    [
      0.760037024831755,
      0.7862445517880627,
      0.6525470503945481,
      0.7206516996972758,
      0.7439910058276289,
      0.9232806399437302,
      1.0797481769111454,
      1.1113751337401327,
      0.9407903262065053,
      0.9031444760872205
    ],
    [
      2.608732109167201,
      2.5898077788866676,
      2.3280376594907626,
      2.612479178394735,
      2.6225591991468504,
      2.272258584204015,
      1.550623049569165,
      2.1438616343640913,
      2.384275248584038,
      2.11511274477754
    ],
    [
      1.149528714415837,
      0.9756409218493972,
      0.7862630224916564,
      0.8367279023699705,
      0.8558216760063087,
      0.8821013604163911,
      0.8438510182903177,
      0.8516045806524845,
      0.8822897279936743,
      1.0236598415532046
    ]
  ],